Model,geometry,f_res_true,f_res_pred,f_res_err_MHz,S11min_true,S11min_pred,S11min_err_dB,BW_true_MHz,BW_pred_MHz,BW_err_MHz
KNN (k=5),0,2.4730000495911,2.4000000953674,72.99995422369987,-18.541775145157,-25.965456383594603,7.423681238437602,33.99991989130014,42.99998283380013,9.000062942499994
KNN (k=5),8,2.4010000228882,2.3949999809265,6.00004196170012,-23.454181331496,-17.34720493751034,6.106976393985658,40.9998893736998,49.99995231620025,9.000062942500449
KNN (k=5),13,2.3900001049042,2.3949999809265,4.999876022299787,-36.90173593795,-22.726128036502637,14.175607901447364,46.00000381469993,54.99982833869987,8.99982452399994
KNN (k=5),18,2.4509999752045,2.4479999542236,3.000020980900242,-11.685655133294,-22.9150648564048,11.2294097231108,26.000022888200025,32.99999237060014,6.999969482400115
KNN (k=5),19,2.4519999027252,2.4479999542236,3.9999485016002367,-18.581929361413,-22.9150648564048,4.333135494991801,37.99986839300029,32.99999237060014,4.9998760224001515
KNN (k=5),30,2.3959999084473,2.3949999809265,0.9999275207999148,-21.427200484255998,-31.9766847581456,10.5494842738896,78.99999618530006,75.99997520450019,3.0000209807998743
KNN (k=5),31,2.3980000019073,2.3980000019073,0.0,-24.879161259311,-34.3559567612268,9.476795501915799,84.00011062629974,79.99992370600006,4.000186920299683
KNN (k=5),38,2.3949999809265,2.3940000534058,0.9999275206999947,-27.359127727739,-22.377062120837202,4.982065606901799,66.99991226199975,65.99998474119984,0.9999275207999148
KNN (k=5),41,2.3980000019073,2.3980000019073,0.0,-19.681770833663,-34.3559567612268,14.674185927563801,69.99993324280007,79.99992370600006,9.999990463199993
KNN (k=5),49,2.3910000324249,2.3949999809265,3.9999485015997926,-11.132181757703,-10.2474857504934,0.8846960072096,26.000022888200025,13.000011444100235,13.00001144409979
KNN (k=5),4,2.4000000953674,2.4019999504089,1.9998550414999094,-26.740244578527,-28.9315844765132,2.1913398979862,42.99998283380013,43.999910354599606,0.9999275207994742
KNN (k=5),9,2.3840000629425,2.385999917984,1.9998550414999094,-19.998909269943,-21.643126717632402,1.6442174476894031,49.00002479560017,49.00002479549981,1.0035705599875655e-10
KNN (k=5),14,2.4260001182556,2.3910000324249,35.00008583070002,-23.0230862050011,-23.414701182843196,0.39161497784209587,52.00004577640005,44.99983787539996,7.000207901000088
KNN (k=5),16,2.4319999217987,2.4470000267029,15.000104904200118,-16.730258868146,-15.227711540682202,1.5025473274637964,28.000116348199988,7.999897003200029,20.00021934499996
KNN (k=5),17,2.4379999637604,2.4470000267029,9.000062942499998,-10.776960574501,-15.227711540682202,4.450750966181202,9.999990463300357,7.999897003200029,2.0000934601003273
KNN (k=5),28,2.3940000534058,2.3940000534058,0.0,-16.38999103207,-21.9974618647158,5.607470832645799,65.99998474119984,69.00000572210007,3.0000209809002314
KNN (k=5),34,2.3949999809265,2.3940000534058,0.9999275206999947,-33.022843236116,-22.408499141779398,10.614344094336605,75.99997520450019,74.00012016289992,1.99985504160027
KNN (k=5),35,2.3970000743866,2.3970000743866,0.0,-61.784445329333,-21.0352892026264,40.7491561267066,77.00014114380016,69.00000572199971,8.00013542180045
KNN (k=5),43,2.3919999599457,2.3949999809265,3.000020980799878,-16.64990747909,-20.759709064793,4.109801585703,55.00006675719993,52.00004577640005,3.0000209807998814
KNN (k=5),50,2.3949999809265,2.3910000324249,3.9999485015997926,-10.257995278342,-11.1181025527362,0.8601072743942009,13.000011444100235,26.000022888200025,13.00001144409979
KNN (k=5),3,2.4030001163483,2.404000043869,0.9999275206999947,-11.700381621327,-12.5364469763812,0.836065355054199,29.999971389800262,37.000179290799906,7.000207900999644
KNN (k=5),5,2.4200000762939,2.4100000858307,9.999990463199993,-29.994411043104,-36.4016838663212,6.407272823217198,51.000118255600135,47.999858856200284,3.0002593993998516
KNN (k=5),10,2.385999917984,2.3849999904633,0.9999275206999947,-21.85497796376,-21.567889288554404,0.2870886752055952,49.00002479549981,47.999858856199836,1.0001659392999755
KNN (k=5),15,2.4200000762939,2.4010000228882,19.00005340569999,-18.15469827289,-23.0407455788138,4.886047305923803,36.00001335149994,40.9998893736998,4.999876022199864
KNN (k=5),20,2.4470000267029,2.4489998817444,1.9998550414999094,-23.51289943759,-14.284572580855382,9.228326856734618,32.99999237060014,29.999971389800262,3.000020980799878
KNN (k=5),25,2.404000043869,2.4030001163483,0.9999275206999947,-17.088875132172,-24.800004985303598,7.711129853131599,46.00000381469993,42.99998283390005,3.0000209807998814
KNN (k=5),29,2.3940000534058,2.3959999084473,1.9998550414999094,-18.426548199326,-20.3995936858836,1.9730454865575986,72.00002670289996,76.99990272520019,4.999876022300228
KNN (k=5),32,2.3940000534058,2.3940000534058,0.0,-22.114634008256,-24.741828634999997,2.6271946267439965,69.00000572210007,65.99998474119984,3.0000209809002314
KNN (k=5),33,2.3949999809265,2.3949999809265,0.0,-26.469293807126,-26.962199517860604,0.492905710734604,72.99995422359996,66.99991226199975,6.000041961600203
KNN (k=5),39,2.3949999809265,2.3949999809265,0.0,-23.502986944529,-31.9766847581456,8.4736978136166,69.00000572199971,75.99997520450019,6.999969482500475
KNN (k=5),44,2.3919999599457,2.3929998874664,0.9999275206999947,-15.361728291361,-15.270984375587002,0.09074391577399865,55.00006675719993,52.99997329710004,2.0000934600998903
KNN (k=5),1,2.3829998970032,2.3840000629425,1.0001659392999684,-18.377237901985,-19.8653072905376,1.4880693885525993,49.00002479550025,49.00002479560017,9.991651950258529e-11
KNN (k=5),2,2.3959999084473,2.4000000953674,4.00018692010029,-14.768047822382,-25.965456383594603,11.197408561212603,39.99996185300026,42.99998283380013,3.0000209807998743
KNN (k=5),12,2.3889999389648,2.3889999389648,0.0,-27.812491098665,-29.811569952929602,1.999078854264603,48.00009727479981,46.999931335499845,1.0001659392999684
KNN (k=5),22,2.4089999198914,2.4249999523163,16.000032424900112,-2.0414091459018,-5.22951174248574,3.1881025965839402,0.0,0.0,0.0
KNN (k=5),24,2.404000043869,2.4030001163483,0.9999275206999947,-12.555921394828,-11.6833505822622,0.8725708125657992,37.000179290799906,29.999971389800262,7.000207900999644
KNN (k=5),27,2.3919999599457,2.3970000743866,5.000114440899761,-10.547480191604,-17.944905504599,7.397425312994999,11.000156402599881,36.999940872200376,25.999784469600495
KNN (k=5),37,2.3940000534058,2.3940000534058,0.0,-38.68661580855,-21.9974618647158,16.689153943834203,65.00005722049984,69.00000572210007,3.9999485016002296
KNN (k=5),42,2.3910000324249,2.3919999599457,0.9999275207999148,-18.601334752652,-16.6073255439388,1.9940092087132015,54.999828338599954,55.00006675719993,0.00023841859997730808
KNN (k=5),46,2.3870000839233,2.3880000114441,0.9999275207999148,-12.295366808278,-11.3261377762428,0.9692290320351997,35.00008583070002,29.000043869099823,6.0000419616002
KNN (k=5),48,2.4800000190735,2.3980000019073,82.00001716620031,-7.3611952478712,-19.6212503487622,12.260055100890998,0.0,69.99993324280007,69.99993324280007
KNN (k=5),51,2.404000043869,2.4059998989105,1.9998550414999094,-8.8557287471496,-8.32414079485672,0.5315879522928793,0.0,0.0,0.0
KNN (k=5),6,2.4100000858307,2.4200000762939,9.999990463199993,-44.167741408399,-28.9113444230516,15.256396985347404,47.999858856200284,51.000118255600135,3.0002593993998516
KNN (k=5),7,2.4030001163483,2.4000000953674,3.000020980899798,-34.081850674315,-25.965456383594603,8.116394290720397,46.00000381469993,42.99998283380013,3.000020980899798
KNN (k=5),11,2.385999917984,2.3880000114441,2.000093460099883,-24.133015732301,-23.9567077289164,0.17630800338460162,48.00009727479981,47.999858856199836,0.00023841859997730808
KNN (k=5),21,2.4249999523163,2.4370000362396,12.000083923299876,-5.2438245034886,-6.863039706416859,1.6192152029282587,0.0,0.0,0.0
KNN (k=5),23,2.4030001163483,2.404000043869,0.9999275206999947,-10.097312622699,-12.5364469763812,2.439134353682199,8.000135421800003,37.000179290799906,29.000043868999903
KNN (k=5),26,2.3970000743866,2.3919999599457,5.000114440899761,-18.083089261324,-10.5177300030174,7.565359258306602,36.999940872200376,11.000156402599881,25.999784469600495
KNN (k=5),36,2.3980000019073,2.3980000019073,0.0,-35.993885930802,-22.757327202875,13.236558727927001,79.99992370600006,77.00014114380016,2.999782562199897
KNN (k=5),40,2.3970000743866,2.3970000743866,0.0,-21.123783788962,-43.1848282716186,22.061044482656598,69.00000572199971,77.00014114380016,8.00013542180045
KNN (k=5),45,2.3940000534058,2.3919999599457,2.000093460099883,-14.38401025269,-15.3325237206522,0.9485134679621989,52.99997329710004,55.00006675719993,2.0000934600998903
KNN (k=5),47,2.3880000114441,2.3919999599457,3.9999485016002367,-11.340509059496,-16.6073255439388,5.266816484442799,29.000043869099823,55.00006675719993,26.00002288810011
KNN (k=5),52,2.4059998989105,2.404000043869,1.9998550414999094,-8.3291901908807,-8.8495163883362,0.5203261974554998,0.0,0.0,0.0
Random Forest (150),0,2.4730000495911,2.4000000953674,72.99995422369987,-18.541775145157,-26.44546147412735,7.903686328970348,33.99991989130014,42.99998283380013,9.000062942499994
Random Forest (150),8,2.4010000228882,2.4010000228882,0.0,-23.454181331496,-20.32923824200049,3.1249430894955097,40.9998893736998,52.99997329710004,12.00008392340024
Random Forest (150),13,2.3900001049042,2.4260001182556,36.000013351400014,-36.90173593795,-23.431334344949434,13.470401593000567,46.00000381469993,50.999879837000165,4.999876022300235
Random Forest (150),18,2.4509999752045,2.4470000267029,3.9999485016002367,-11.685655133294,-23.201234289649797,11.515579156355797,26.000022888200025,32.99999237060014,6.999969482400115
Random Forest (150),19,2.4519999027252,2.4470000267029,4.999876022300231,-18.581929361413,-23.201234289649797,4.619304928236797,37.99986839300029,32.99999237060014,4.9998760224001515
Random Forest (150),30,2.3959999084473,2.3940000534058,1.9998550414999094,-21.427200484255998,-18.4137769753091,3.0134235089468966,78.99999618530006,75.00004768369983,3.9999485016002296
Random Forest (150),31,2.3980000019073,2.3970000743866,0.9999275206999947,-24.879161259311,-23.193825612548473,1.6853356467625282,84.00011062629974,78.99999618530006,5.000114440999681
Random Forest (150),38,2.3949999809265,2.3940000534058,0.9999275206999947,-27.359127727739,-34.3115411008897,6.952413373150698,66.99991226199975,69.00000572199971,2.0000934599999596
Random Forest (150),41,2.3980000019073,2.4000000953674,2.0000934601003273,-19.681770833663,-25.00718298744407,5.325412153781073,69.99993324280007,72.99995422359996,3.0000209807998885
Random Forest (150),49,2.3910000324249,2.3949999809265,3.9999485015997926,-11.132181757703,-10.254782949748305,0.8773988079546946,26.000022888200025,13.99993896480023,12.000083923399796
Random Forest (150),4,2.4000000953674,2.4030001163483,3.000020980899798,-26.740244578527,-28.503558890936088,1.7633143124090864,42.99998283380013,41.999816894499716,1.000165939300416
Random Forest (150),9,2.3840000629425,2.3840000629425,0.0,-19.998909269943,-18.7846760446401,1.2142332253028982,49.00002479560017,49.00002479550025,9.991651950258529e-11
Random Forest (150),14,2.4260001182556,2.3900001049042,36.000013351400014,-23.0230862050011,-35.248158761944424,12.225072556943324,52.00004577640005,46.00000381469993,6.00004196170012
Random Forest (150),16,2.4319999217987,2.4260001182556,5.999803543099702,-16.730258868146,-7.762389110915869,8.96786975723013,28.000116348199988,0.0,28.000116348199988
Random Forest (150),17,2.4379999637604,2.4289999008179,9.000062942499998,-10.776960574501,-10.433426179208574,0.34353439529242635,9.999990463300357,3.000020980899798,6.999969482400559
Random Forest (150),28,2.3940000534058,2.3940000534058,0.0,-16.38999103207,-19.120142395444034,2.730151363374034,65.99998474119984,70.99986076359998,4.999876022400144
Random Forest (150),34,2.3949999809265,2.3980000019073,3.000020980799878,-33.022843236116,-29.03326239501462,3.9895808411013824,75.99997520450019,75.99997520440027,9.991651950258529e-11
Random Forest (150),35,2.3970000743866,2.3980000019073,0.9999275206999947,-61.784445329333,-33.377487001121665,28.40695832821134,77.00014114380016,78.99999618530006,1.9998550414998988
Random Forest (150),43,2.3919999599457,2.3919999599457,0.0,-16.64990747909,-15.351381941480149,1.2985255376098515,55.00006675719993,55.00006675719993,0.0
Random Forest (150),50,2.3949999809265,2.3940000534058,0.9999275206999947,-10.257995278342,-11.642311276004301,1.384315997662302,13.000011444100235,26.99995040899994,13.999938964899705
Random Forest (150),3,2.4030001163483,2.404000043869,0.9999275206999947,-11.700381621327,-12.550040312028319,0.8496586907013182,29.999971389800262,36.99994087210001,6.9999694822997505
Random Forest (150),5,2.4200000762939,2.4100000858307,9.999990463199993,-29.994411043104,-38.43587833520826,8.441467292104257,51.000118255600135,51.000118255600135,0.0
Random Forest (150),10,2.385999917984,2.385999917984,0.0,-21.85497796376,-23.219496808442436,1.3645188446824363,49.00002479549981,46.00000381469993,3.0000209807998814
Random Forest (150),15,2.4200000762939,2.4010000228882,19.00005340569999,-18.15469827289,-23.420277811422164,5.265579538532165,36.00001335149994,40.9998893736998,4.999876022199864
Random Forest (150),20,2.4470000267029,2.4519999027252,4.999876022300231,-23.51289943759,-18.554922593884417,4.957976843705584,32.99999237060014,37.99986839300029,4.9998760224001515
Random Forest (150),25,2.404000043869,2.404000043869,0.0,-17.088875132172,-12.550040312028319,4.538834820143681,46.00000381469993,38.000106811499904,7.999897003200026
Random Forest (150),29,2.3940000534058,2.3959999084473,1.9998550414999094,-18.426548199326,-21.475567163321873,3.0490189639958736,72.00002670289996,77.99983024590018,5.999803543000226
Random Forest (150),32,2.3940000534058,2.3970000743866,3.000020980799878,-22.114634008256,-34.71638261971885,12.601748611462849,69.00000572210007,68.00007820130017,0.9999275207999005
Random Forest (150),33,2.3949999809265,2.3970000743866,2.000093460099883,-26.469293807126,-34.7511386510814,8.281844843955398,72.99995422359996,75.99997520450019,3.0000209809002314
Random Forest (150),39,2.3949999809265,2.3970000743866,2.000093460099883,-23.502986944529,-21.30127078977652,2.2017161547524786,69.00000572199971,69.99993324279963,0.9999275207999148
Random Forest (150),44,2.3919999599457,2.3940000534058,2.000093460099883,-15.361728291361,-14.62169618859191,0.7400321027690904,55.00006675719993,52.99997329710004,2.0000934600998903
Random Forest (150),1,2.3829998970032,2.3840000629425,1.0001659392999684,-18.377237901985,-19.833836583804437,1.456598681819436,49.00002479550025,49.9999523161998,0.9999275206995506
Random Forest (150),2,2.3959999084473,2.3980000019073,2.000093459999963,-14.768047822382,-23.35540865118677,8.587360828804771,39.99996185300026,55.00006675719993,15.000104904199674
Random Forest (150),12,2.3889999389648,2.385999917984,3.000020980799878,-27.812491098665,-24.104187596857965,3.708303501807034,48.00009727479981,48.00009727479981,0.0
Random Forest (150),22,2.4089999198914,2.4270000457764,18.000125884999996,-2.0414091459018,-5.262475896977807,3.221066751076007,0.0,0.0,0.0
Random Forest (150),24,2.404000043869,2.4030001163483,0.9999275206999947,-12.555921394828,-10.820235682534726,1.7356857122932734,37.000179290799906,23.999929428099698,13.000249862700208
Random Forest (150),27,2.3919999599457,2.3970000743866,5.000114440899761,-10.547480191604,-17.886141743793864,7.338661552189864,11.000156402599881,33.999919891399614,22.999763488799733
Random Forest (150),37,2.3940000534058,2.3949999809265,0.9999275206999947,-38.68661580855,-26.860763162955383,11.825852645594619,65.00005722049984,65.99998474119984,0.9999275206999982
Random Forest (150),42,2.3910000324249,2.3919999599457,0.9999275207999148,-18.601334752652,-16.640410384654274,1.9609243679977268,54.999828338599954,55.00006675719993,0.00023841859997730808
Random Forest (150),46,2.3870000839233,2.4719998836517,84.99979972840022,-12.295366808278,-13.86875795889007,1.5733911506120695,35.00008583070002,15.000104904200118,19.999980926499905
Random Forest (150),48,2.4800000190735,2.3970000743866,82.9999446869003,-7.3611952478712,-10.276675471484301,2.915480223613101,0.0,14.9998664855997,14.9998664855997
Random Forest (150),51,2.404000043869,2.4110000133514,6.999969482400115,-8.8557287471496,-8.415150338395271,0.4405784087543285,0.0,0.0,0.0
Random Forest (150),6,2.4100000858307,2.4000000953674,9.999990463299913,-44.167741408399,-18.518042606496575,25.649698801902428,47.999858856200284,46.999931335499845,0.9999275207004388
Random Forest (150),7,2.4030001163483,2.4000000953674,3.000020980899798,-34.081850674315,-18.99411644051037,15.087734233804628,46.00000381469993,46.00000381469993,0.0
Random Forest (150),11,2.385999917984,2.3889999389648,3.000020980799878,-24.133015732301,-27.75003967728125,3.61702394498025,48.00009727479981,46.999931335499845,1.0001659392999684
Random Forest (150),21,2.4249999523163,2.4379999637604,13.00001144409979,-5.2438245034886,-8.15346623528702,2.90964173179842,0.0,0.0,0.0
Random Forest (150),23,2.4030001163483,2.4049999713898,1.9998550414999094,-10.097312622699,-12.55104044133388,2.4537278186348797,8.000135421800003,37.000179290799906,29.000043868999903
Random Forest (150),26,2.3970000743866,2.3919999599457,5.000114440899761,-18.083089261324,-10.392153547676315,7.690935713647686,36.999940872200376,9.999990463299913,26.999950408900464
Random Forest (150),36,2.3980000019073,2.3970000743866,0.9999275206999947,-35.993885930802,-23.000692607177303,12.993193323624698,79.99992370600006,79.99992370600006,0.0
Random Forest (150),40,2.3970000743866,2.3970000743866,0.0,-21.123783788962,-52.42148200515801,31.29769821619601,69.00000572199971,71.00009918210004,2.000093460100331
Random Forest (150),45,2.3940000534058,2.3929998874664,1.0001659393998885,-14.38401025269,-15.352949030618262,0.9689387779282619,52.99997329710004,55.00006675719993,2.0000934600998903
Random Forest (150),47,2.3880000114441,2.3870000839233,0.9999275207999148,-11.340509059496,-12.291823608685815,0.9513145491898154,29.000043869099823,35.00008583070002,6.0000419616002
Random Forest (150),52,2.4059998989105,2.404000043869,1.9998550414999094,-8.3291901908807,-8.853516120641816,0.5243259297611154,0.0,0.0,0.0
XGBoost,0,2.4730000495911,2.3980000019073,75.0000476838002,-18.541775145157,-25.739025115966797,7.197249970809796,33.99991989130014,42.000055313100134,8.000135421799996
XGBoost,8,2.4010000228882,2.4170000553131,16.000032424900112,-23.454181331496,-15.783543586730957,7.670637744765042,40.9998893736998,54.00013923649993,13.000249862800132
XGBoost,13,2.3900001049042,2.385999917984,4.0001869202002105,-36.90173593795,-26.79732322692871,10.10441271102129,46.00000381469993,46.00000381469993,0.0
XGBoost,18,2.4509999752045,2.4449999332428,6.00004196170012,-11.685655133294,-22.452836990356445,10.767181857062445,26.000022888200025,29.999971389800262,3.9999485016002367
XGBoost,19,2.4519999027252,2.4449999332428,6.999969482400115,-18.581929361413,-22.59872817993164,4.016798818518641,37.99986839300029,29.999971389800262,7.999897003200029
XGBoost,30,2.3959999084473,2.3940000534058,1.9998550414999094,-21.427200484255998,-24.080127716064453,2.652927231808455,78.99999618530006,72.99995422359996,6.000041961700106
XGBoost,31,2.3980000019073,2.3980000019073,0.0,-24.879161259311,-27.689472198486328,2.810310939175327,84.00011062629974,81.00008964539995,3.000020980899791
XGBoost,38,2.3949999809265,2.3940000534058,0.9999275206999947,-27.359127727739,-25.2352352142334,2.123892513505602,66.99991226199975,65.00005722039992,1.9998550415998295
XGBoost,41,2.3980000019073,2.3980000019073,0.0,-19.681770833663,-22.848072052001953,3.1663012183389547,69.99993324280007,69.00000572199971,0.9999275208003553
XGBoost,49,2.3910000324249,2.3940000534058,3.000020980899798,-11.132181757703,-10.253177642822266,0.8790041148807344,26.000022888200025,10.999917983999907,15.000104904200118
XGBoost,4,2.4000000953674,2.3980000019073,2.0000934601003273,-26.740244578527,-13.265352249145508,13.474892329381493,42.99998283380013,33.999919891400054,9.000062942400078
XGBoost,9,2.3840000629425,2.385999917984,1.9998550414999094,-19.998909269943,-22.66240882873535,2.6634995587923527,49.00002479560017,52.99997329710004,3.9999485014998726
XGBoost,14,2.4260001182556,2.3900001049042,36.000013351400014,-23.0230862050011,-31.49712562561035,8.474039420609252,52.00004577640005,46.00000381469993,6.00004196170012
XGBoost,16,2.4319999217987,2.3900001049042,41.999816894499716,-16.730258868146,-31.49712562561035,14.766866757464353,28.000116348199988,46.00000381469993,17.999887466499942
XGBoost,17,2.4379999637604,2.4449999332428,6.999969482400115,-10.776960574501,-11.479994773864746,0.7030341993637457,9.999990463300357,14.999866485600144,4.999876022299787
XGBoost,28,2.3940000534058,2.3900001049042,3.9999485015997926,-16.38999103207,-17.491172790527344,1.1011817584573436,65.99998474119984,69.00000572200015,3.000020980800315
XGBoost,34,2.3949999809265,2.3940000534058,0.9999275206999947,-33.022843236116,-25.60459327697754,7.418249959138464,75.99997520450019,77.00014114380016,1.0001659392999755
XGBoost,35,2.3970000743866,2.3940000534058,3.000020980799878,-61.784445329333,-27.6319637298584,34.152481599474605,77.00014114380016,77.00014114380016,0.0
XGBoost,43,2.3919999599457,2.3900001049042,1.9998550414999094,-16.64990747909,-17.093891143798828,0.4439836647088278,55.00006675719993,54.00013923640002,0.9999275207999148
XGBoost,50,2.3949999809265,2.3900001049042,4.999876022299787,-10.257995278342,-11.108572959899902,0.8505776815579029,13.000011444100235,26.99995040899994,13.999938964899705
XGBoost,3,2.4030001163483,2.3980000019073,5.000114441000125,-11.700381621327,-17.810651779174805,6.110270157847804,29.999971389800262,38.000106811499904,8.000135421699643
XGBoost,5,2.4200000762939,2.4100000858307,9.999990463199993,-29.994411043104,-22.73349380493164,7.260917238172361,51.000118255600135,46.00000381469993,5.000114440900205
XGBoost,10,2.385999917984,2.3819999694824,3.9999485015997926,-21.85497796376,-19.83722496032715,2.0177530034328512,49.00002479549981,46.00000381469993,3.0000209807998814
XGBoost,15,2.4200000762939,2.3980000019073,22.000074386600232,-18.15469827289,-16.55851936340332,1.596178909486678,36.00001335149994,46.00000381469993,9.999990463199993
XGBoost,20,2.4470000267029,2.4409999847412,6.00004196170012,-23.51289943759,-12.126755714416504,11.386143723173497,32.99999237060014,21.99983596810018,11.000156402499961
XGBoost,25,2.404000043869,2.4019999504089,2.000093460099883,-17.088875132172,-31.75918960571289,14.670314473540891,46.00000381469993,46.00000381469993,0.0
XGBoost,29,2.3940000534058,2.3940000534058,0.0,-18.426548199326,-21.405332565307617,2.9787843659816176,72.00002670289996,72.99995422359996,0.9999275206999982
XGBoost,32,2.3940000534058,2.3940000534058,0.0,-22.114634008256,-38.49622344970703,16.38158944145103,69.00000572210007,65.00005722039992,3.999948501700146
XGBoost,33,2.3949999809265,2.3940000534058,0.9999275206999947,-26.469293807126,-33.322811126708984,6.853517319582984,72.99995422359996,72.99995422359996,0.0
XGBoost,39,2.3949999809265,2.3940000534058,0.9999275206999947,-23.502986944529,-23.928661346435547,0.42567440190654793,69.00000572199971,72.99995422359996,3.999948501600244
XGBoost,44,2.3919999599457,2.3900001049042,1.9998550414999094,-15.361728291361,-15.953725814819336,0.5919975234583355,55.00006675719993,54.00013923640002,0.9999275207999148
XGBoost,1,2.3829998970032,2.3819999694824,0.9999275207999148,-18.377237901985,-20.087331771850586,1.7100938698655845,49.00002479550025,52.99997329710004,3.999948501599789
XGBoost,2,2.3959999084473,2.3980000019073,2.000093459999963,-14.768047822382,-28.203670501708984,13.435622679326984,39.99996185300026,49.999952316299726,9.999990463299469
XGBoost,12,2.3889999389648,2.385999917984,3.000020980799878,-27.812491098665,-23.51344108581543,4.29905001284957,48.00009727479981,46.00000381469993,2.000093460099883
XGBoost,22,2.4089999198914,2.4249999523163,16.000032424900112,-2.0414091459018,-5.306879043579102,3.265469897677302,0.0,0.0,0.0
XGBoost,24,2.404000043869,2.4059998989105,1.9998550414999094,-12.555921394828,-12.821242332458496,0.2653209376304968,37.000179290799906,38.000106811499904,0.9999275206999982
XGBoost,27,2.3919999599457,2.3980000019073,6.000041961599756,-10.547480191604,-15.878143310546875,5.330663118942875,11.000156402599881,33.999919891400054,22.999763488800173
XGBoost,37,2.3940000534058,2.3940000534058,0.0,-38.68661580855,-22.790143966674805,15.896471841875197,65.00005722049984,65.00005722039992,9.991651950258529e-11
XGBoost,42,2.3910000324249,2.385999917984,5.000114440900205,-18.601334752652,-15.22132682800293,3.380007924649071,54.999828338599954,54.00013923640002,0.9996891021999375
XGBoost,46,2.3870000839233,2.385999917984,1.0001659392999684,-12.295366808278,-10.959005355834961,1.3363614524430396,35.00008583070002,18.999814987199937,16.000270843500086
XGBoost,48,2.4800000190735,2.3900001049042,89.99991416929998,-7.3611952478712,-9.63813591003418,2.2769406621629793,0.0,0.0,0.0
XGBoost,51,2.404000043869,2.3900001049042,13.999938964799785,-8.8557287471496,-9.63813591003418,0.7824071628845797,0.0,0.0,0.0
XGBoost,6,2.4100000858307,2.4170000553131,6.999969482400115,-44.167741408399,-28.18597412109375,15.981767287305253,47.999858856200284,53.99990081780004,6.000041961599756
XGBoost,7,2.4030001163483,2.3980000019073,5.000114441000125,-34.081850674315,-16.044309616088867,18.037541058226132,46.00000381469993,46.00000381469993,0.0
XGBoost,11,2.385999917984,2.385999917984,0.0,-24.133015732301,-21.531997680664062,2.601018051636938,48.00009727479981,49.00002479549981,0.9999275206999982
XGBoost,21,2.4249999523163,2.4370000362396,12.000083923299876,-5.2438245034886,-5.283395767211914,0.039571263723313876,0.0,0.0,0.0
XGBoost,23,2.4030001163483,2.4059998989105,2.999782562199904,-10.097312622699,-12.505967140197754,2.4086545174987535,8.000135421800003,38.000106811499904,29.9999713896999
XGBoost,26,2.3970000743866,2.3940000534058,3.000020980799878,-18.083089261324,-11.28261947631836,6.800469785005642,36.999940872200376,22.000074386600232,14.999866485600144
XGBoost,36,2.3980000019073,2.3940000534058,3.9999485014998726,-35.993885930802,-28.136674880981445,7.857211049820556,79.99992370600006,81.00008964539995,1.000165939399892
XGBoost,40,2.3970000743866,2.3940000534058,3.000020980799878,-21.123783788962,-34.97474670410156,13.850962915139561,69.00000572199971,69.00000572199971,0.0
XGBoost,45,2.3940000534058,2.3940000534058,0.0,-14.38401025269,-23.997337341308594,9.613327088618593,52.99997329710004,54.00013923640002,1.0001659392999755
XGBoost,47,2.3880000114441,2.385999917984,2.000093460099883,-11.340509059496,-12.591155052185059,1.2506459926890585,29.000043869099823,38.000106811500345,9.000062942400522
XGBoost,52,2.4059998989105,2.4059998989105,0.0,-8.3291901908807,-8.830443382263184,0.5012531913824834,0.0,0.0,0.0
